{"cameraMode":{"drawMode":0,"name":"Shaded","section":"Shading Mode"},"sceneLighting":false,"audioPlay":false,"sceneViewState":{"showFog":true,"showMaterialUpdate":false,"showSkybox":false,"showFlares":true,"showImageEffects":true,"showParticleSystems":true},"in2DMode":false,"pivot":{"x":-0.6258721351623535,"y":1.4270696640014649,"z":0.554113507270813},"rotation":{"x":0.09671672433614731,"y":-0.5435304045677185,"z":0.06323094666004181,"w":0.8314077854156494},"size":1.2247449159622193,"orthographic":false}