{"cameraMode":{"drawMode":0,"name":"Shaded","section":"Shading Mode"},"sceneLighting":true,"audioPlay":false,"sceneViewState":{"showFog":true,"showMaterialUpdate":false,"showSkybox":true,"showFlares":true,"showImageEffects":true,"showParticleSystems":true},"in2DMode":false,"pivot":{"x":1.5416522026062012,"y":-13.711496353149414,"z":14.807262420654297},"rotation":{"x":0.2699180841445923,"y":0.005472426302731037,"z":-0.0015235807513818145,"w":0.9628759622573853},"size":21.693912506103517,"orthographic":false}