{"cameraMode":{"drawMode":0,"name":"Shaded","section":"Shading Mode"},"sceneLighting":false,"audioPlay":false,"sceneViewState":{"showFog":true,"showMaterialUpdate":false,"showSkybox":false,"showFlares":true,"showImageEffects":true,"showParticleSystems":true},"in2DMode":false,"pivot":{"x":1.466435194015503,"y":2.252720832824707,"z":2.4631927013397219},"rotation":{"x":0.1555195301771164,"y":-0.5929193496704102,"z":0.1180315911769867,"w":0.781235933303833},"size":1.2247449159622193,"orthographic":false}