{"cameraMode":{"drawMode":0,"name":"Shaded","section":"Shading Mode"},"sceneLighting":true,"audioPlay":false,"sceneViewState":{"showFog":true,"showMaterialUpdate":true,"showSkybox":true,"showFlares":true,"showImageEffects":true,"showParticleSystems":true},"in2DMode":false,"pivot":{"x":31.046140670776368,"y":-106.71717834472656,"z":218.72622680664063},"rotation":{"x":0.3596888780593872,"y":-0.04585714638233185,"z":0.01772734709084034,"w":0.9317824244499207},"size":83.66714477539063,"orthographic":false}