{"cameraMode":{"drawMode":0,"name":"Shaded","section":"Shading Mode"},"sceneLighting":true,"audioPlay":false,"sceneViewState":{"showFog":true,"showMaterialUpdate":true,"showSkybox":true,"showFlares":true,"showImageEffects":true,"showParticleSystems":true},"in2DMode":false,"pivot":{"x":4.33156681060791,"y":5.070154190063477,"z":216.17459106445313},"rotation":{"x":0.17782160639762879,"y":0.14960961043834687,"z":-0.027363577857613565,"w":0.9722376465797424},"size":16.255598068237306,"orthographic":false}